-- etc
INSERT INTO item (item_id, reg_time, update_time, created_by, modified_by, item_category, item_detail, item_nm, item_sell_status, price, stock_number)
VALUES (1, '2023-12-13 15:50:19.335193', '2023-12-13 15:50:19.335193', 'dong529@naver.com', 'dong529@naver.com', 'etc', '신선한 맛과 향을 고스란히 담은 수제청', '수제과일청 고농축 청1', 'SELL', 11900, 100);
INSERT INTO item_img (item_img_id, img_name, img_url, ori_img_name, rep_img_yn, item_id)
VALUES (1, 'etc1.jpg', '/images/item/etc1.jpg', 'etc1.jpg', 'Y', 1), (2, 'etc2.jpg', '/images/item/etc2.jpg', 'etc2.jpg', 'N', 1);

INSERT INTO item (item_id, reg_time, update_time, created_by, modified_by, item_category, item_detail, item_nm, item_sell_status, price, stock_number)
VALUES (2, '2023-12-13 15:50:19.335193', '2023-12-13 15:50:19.335193', 'dong529@naver.com', 'dong529@naver.com', 'etc', '신선한 맛과 향을 고스란히 담은 수제청', '수제과일청 고농축 청2', 'SELL', 11900, 100);
INSERT INTO item_img (item_img_id, img_name, img_url, ori_img_name, rep_img_yn, item_id)
VALUES (3, 'etc3.jpg', '/images/item/etc3.jpg', 'etc3.jpg', 'Y', 2), (4, 'etc4.jpg', '/images/item/etc4.jpg', 'etc4.jpg', 'N', 2);

INSERT INTO item (item_id, reg_time, update_time, created_by, modified_by, item_category, item_detail, item_nm, item_sell_status, price, stock_number)
VALUES (3, '2023-12-13 15:50:19.335193', '2023-12-13 15:50:19.335193', 'dong529@naver.com', 'dong529@naver.com', 'etc', '신선한 맛과 향을 고스란히 담은 수제청', '수제과일청 고농축 청3', 'SELL', 11900, 100);
INSERT INTO item_img (item_img_id, img_name, img_url, ori_img_name, rep_img_yn, item_id)
VALUES (5, 'etc5.jpg', '/images/item/etc5.jpg', 'etc5.jpg', 'Y', 3), (6, 'etc6.jpg', '/images/item/etc6.jpg', 'etc6.jpg', 'N', 3);

INSERT INTO item (item_id, reg_time, update_time, created_by, modified_by, item_category, item_detail, item_nm, item_sell_status, price, stock_number)
VALUES (4, '2023-12-13 15:50:19.335193', '2023-12-13 15:50:19.335193', 'dong529@naver.com', 'dong529@naver.com', 'etc', '신선한 맛과 향을 고스란히 담은 수제청', '수제과일청 고농축 청4', 'SELL', 11900, 100);
INSERT INTO item_img (item_img_id, img_name, img_url, ori_img_name, rep_img_yn, item_id)
VALUES (7, 'etc7.jpg', '/images/item/etc7.jpg', 'etc7.jpg', 'Y', 4), (8, 'etc8.jpg', '/images/item/etc8.jpg', 'etc8.jpg', 'N', 4);

INSERT INTO item (item_id, reg_time, update_time, created_by, modified_by, item_category, item_detail, item_nm, item_sell_status, price, stock_number)
VALUES (5, '2023-12-13 15:50:19.335193', '2023-12-13 15:50:19.335193', 'dong529@naver.com', 'dong529@naver.com', 'etc', '신선한 맛과 향을 고스란히 담은 수제청', '수제과일청 고농축 청5', 'SELL', 11900, 100);
INSERT INTO item_img (item_img_id, img_name, img_url, ori_img_name, rep_img_yn, item_id)
VALUES (9, 'etc9.jpg', '/images/item/etc9.jpg', 'etc9.jpg', 'Y', 5), (10, 'etc10.jpg', '/images/item/etc10.jpg', 'etc10.jpg', 'N', 5);

INSERT INTO item (item_id, reg_time, update_time, created_by, modified_by, item_category, item_detail, item_nm, item_sell_status, price, stock_number)
VALUES (6, '2023-12-13 15:50:19.335193', '2023-12-13 15:50:19.335193', 'dong529@naver.com', 'dong529@naver.com', 'etc', '신선한 맛과 향을 고스란히 담은 수제청', '수제과일청 고농축 청6', 'SELL', 11900, 100);
INSERT INTO item_img (item_img_id, img_name, img_url, ori_img_name, rep_img_yn, item_id)
VALUES (11, 'etc11.jpg', '/images/item/etc11.jpg', 'etc11.jpg', 'Y', 6), (12, 'etc12.jpg', '/images/item/etc12.jpg', 'etc12.jpg', 'N', 6);

INSERT INTO item (item_id, reg_time, update_time, created_by, modified_by, item_category, item_detail, item_nm, item_sell_status, price, stock_number)
VALUES (7, '2023-12-13 15:50:19.335193', '2023-12-13 15:50:19.335193', 'dong529@naver.com', 'dong529@naver.com', 'etc', '신선한 맛과 향을 고스란히 담은 수제청', '수제과일청 고농축 청7', 'SELL', 11900, 100);
INSERT INTO item_img (item_img_id, img_name, img_url, ori_img_name, rep_img_yn, item_id)
VALUES (13, 'etc13.jpg', '/images/item/etc13.jpg', 'etc13.jpg', 'Y', 7), (14, 'etc14.jpg', '/images/item/etc14.jpg', 'etc14.jpg', 'N', 7);

INSERT INTO item (item_id, reg_time, update_time, created_by, modified_by, item_category, item_detail, item_nm, item_sell_status, price, stock_number)
VALUES (8, '2023-12-13 15:50:19.335193', '2023-12-13 15:50:19.335193', 'dong529@naver.com', 'dong529@naver.com', 'etc', '신선한 맛과 향을 고스란히 담은 수제청', '수제과일청 고농축 청8', 'SELL', 11900, 100);
INSERT INTO item_img (item_img_id, img_name, img_url, ori_img_name, rep_img_yn, item_id)
VALUES (15, 'etc15.jpg', '/images/item/etc15.jpg', 'etc15.jpg', 'Y', 8), (16, 'etc16.jpg', '/images/item/etc16.jpg', 'etc16.jpg', 'N', 8);

INSERT INTO item (item_id, reg_time, update_time, created_by, modified_by, item_category, item_detail, item_nm, item_sell_status, price, stock_number)
VALUES (9, '2023-12-13 15:50:19.335193', '2023-12-13 15:50:19.335193', 'dong529@naver.com', 'dong529@naver.com', 'etc', '신선한 맛과 향을 고스란히 담은 수제청', '수제과일청 고농축 청9', 'SELL', 11900, 100);
INSERT INTO item_img (item_img_id, img_name, img_url, ori_img_name, rep_img_yn, item_id)
VALUES (17, 'etc17.jpg', '/images/item/etc17.jpg', 'etc17.jpg', 'Y', 9), (18, 'etc18.jpg', '/images/item/etc18.jpg', 'etc18.jpg', 'N', 9);

INSERT INTO item (item_id, reg_time, update_time, created_by, modified_by, item_category, item_detail, item_nm, item_sell_status, price, stock_number)
VALUES (10, '2023-12-13 15:50:19.335193', '2023-12-13 15:50:19.335193', 'dong529@naver.com', 'dong529@naver.com', 'etc', '신선한 맛과 향을 고스란히 담은 수제청', '수제과일청 고농축 청10', 'SELL', 11900, 100);
INSERT INTO item_img (item_img_id, img_name, img_url, ori_img_name, rep_img_yn, item_id)
VALUES (19, 'etc19.jpg', '/images/item/etc19.jpg', 'etc19.jpg', 'Y', 10), (20, 'etc20.jpg', '/images/item/etc20.jpg', 'etc20.jpg', 'N', 10);

INSERT INTO item (item_id, reg_time, update_time, created_by, modified_by, item_category, item_detail, item_nm, item_sell_status, price, stock_number)
VALUES (31, '2023-12-13 15:50:19.335193', '2023-12-13 15:50:19.335193', 'dong529@naver.com', 'dong529@naver.com', 'etc', '신선한 맛과 향을 고스란히 담은 수제청', '수제과일청 고농축 청11', 'SELL', 11900, 100);
INSERT INTO item_img (item_img_id, img_name, img_url, ori_img_name, rep_img_yn, item_id)
VALUES (61, 'etc21.jpg', '/images/item/etc21.jpg', 'etc21.jpg', 'Y', 31), (62, 'etc22.jpg', '/images/item/etc22.jpg', 'etc22.jpg', 'N', 31);

INSERT INTO item (item_id, reg_time, update_time, created_by, modified_by, item_category, item_detail, item_nm, item_sell_status, price, stock_number)
VALUES (32, '2023-12-13 15:50:19.335193', '2023-12-13 15:50:19.335193', 'dong529@naver.com', 'dong529@naver.com', 'etc', '신선한 맛과 향을 고스란히 담은 수제청', '수제과일청 고농축 청12', 'SELL', 11900, 100);
INSERT INTO item_img (item_img_id, img_name, img_url, ori_img_name, rep_img_yn, item_id)
VALUES (63, 'etc23.jpg', '/images/item/etc23.jpg', 'etc23.jpg', 'Y', 32), (64, 'etc24.jpg', '/images/item/etc24.jpg', 'etc24.jpg', 'N', 32);

INSERT INTO item (item_id, reg_time, update_time, created_by, modified_by, item_category, item_detail, item_nm, item_sell_status, price, stock_number)
VALUES (33, '2023-12-13 15:50:19.335193', '2023-12-13 15:50:19.335193', 'dong529@naver.com', 'dong529@naver.com', 'etc', '신선한 맛과 향을 고스란히 담은 수제청', '수제과일청 고농축 청13', 'SELL', 11900, 100);
INSERT INTO item_img (item_img_id, img_name, img_url, ori_img_name, rep_img_yn, item_id)
VALUES (65, 'etc25.jpg', '/images/item/etc25.jpg', 'etc25.jpg', 'Y', 33), (66, 'etc26.jpg', '/images/item/etc26.jpg', 'etc26.jpg', 'N', 33);
-- tool

INSERT INTO item (item_id, reg_time, update_time, created_by, modified_by, item_category, item_detail, item_nm, item_sell_status, price, stock_number)
VALUES (11, '2023-12-13 15:50:19.335193', '2023-12-13 15:50:19.335193', 'dong529@naver.com', 'dong529@naver.com', 'tools', '클래식하고 고급스러운', '커피용품1', 'SELL', 11900, 100);
INSERT INTO item_img (item_img_id, img_name, img_url, ori_img_name, rep_img_yn, item_id)
VALUES (21, 'tool1.jpg', '/images/item/tool1.jpg', 'tool1.jpg', 'Y', 11), (22, 'tool2.jpg', '/images/item/tool2.jpg', 'tool2.jpg', 'N', 11);

INSERT INTO item (item_id, reg_time, update_time, created_by, modified_by, item_category, item_detail, item_nm, item_sell_status, price, stock_number)
VALUES (12, '2023-12-13 15:50:19.335193', '2023-12-13 15:50:19.335193', 'dong529@naver.com', 'dong529@naver.com', 'tools', '클래식하고 고급스러운', '커피용품2', 'SELL', 11900, 100);
INSERT INTO item_img (item_img_id, img_name, img_url, ori_img_name, rep_img_yn, item_id)
VALUES (23, 'tool3.jpg', '/images/item/tool3.jpg', 'tool3.jpg', 'Y', 12), (24, 'tool4.jpg', '/images/item/tool4.jpg', 'tool4.jpg', 'N', 12);

INSERT INTO item (item_id, reg_time, update_time, created_by, modified_by, item_category, item_detail, item_nm, item_sell_status, price, stock_number)
VALUES (13, '2023-12-13 15:50:19.335193', '2023-12-13 15:50:19.335193', 'dong529@naver.com', 'dong529@naver.com', 'tools', '클래식하고 고급스러운', '커피용품3', 'SELL', 11900, 100);
INSERT INTO item_img (item_img_id, img_name, img_url, ori_img_name, rep_img_yn, item_id)
VALUES (25, 'tool5.jpg', '/images/item/tool5.jpg', 'tool5.jpg', 'Y', 13), (26, 'tool6.jpg', '/images/item/tool6.jpg', 'tool6.jpg', 'N', 13);

INSERT INTO item (item_id, reg_time, update_time, created_by, modified_by, item_category, item_detail, item_nm, item_sell_status, price, stock_number)
VALUES (14, '2023-12-13 15:50:19.335193', '2023-12-13 15:50:19.335193', 'dong529@naver.com', 'dong529@naver.com', 'tools', '클래식하고 고급스러운', '커피용품4', 'SELL', 11900, 100);
INSERT INTO item_img (item_img_id, img_name, img_url, ori_img_name, rep_img_yn, item_id)
VALUES (27, 'tool7.jpg', '/images/item/tool7.jpg', 'tool7.jpg', 'Y', 14), (28, 'tool8.jpg', '/images/item/tool8.jpg', 'tool8.jpg', 'N', 14);

INSERT INTO item (item_id, reg_time, update_time, created_by, modified_by, item_category, item_detail, item_nm, item_sell_status, price, stock_number)
VALUES (15, '2023-12-13 15:50:19.335193', '2023-12-13 15:50:19.335193', 'dong529@naver.com', 'dong529@naver.com', 'tools', '클래식하고 고급스러운', '커피용품5', 'SELL', 11900, 100);
INSERT INTO item_img (item_img_id, img_name, img_url, ori_img_name, rep_img_yn, item_id)
VALUES (29, 'tool9.jpg', '/images/item/tool9.jpg', 'tool9.jpg', 'Y', 15), (30, 'tool10.jpg', '/images/item/tool10.jpg', 'tool10.jpg', 'N', 15);

INSERT INTO item (item_id, reg_time, update_time, created_by, modified_by, item_category, item_detail, item_nm, item_sell_status, price, stock_number)
VALUES (16, '2023-12-13 15:50:19.335193', '2023-12-13 15:50:19.335193', 'dong529@naver.com', 'dong529@naver.com', 'tools', '클래식하고 고급스러운', '커피용품6', 'SELL', 11900, 100);
INSERT INTO item_img (item_img_id, img_name, img_url, ori_img_name, rep_img_yn, item_id)
VALUES (31, 'tool11.jpg', '/images/item/tool11.jpg', 'tool11.jpg', 'Y', 16), (32, 'tool12.jpg', '/images/item/tool12.jpg', 'tool12.jpg', 'N', 16);

INSERT INTO item (item_id, reg_time, update_time, created_by, modified_by, item_category, item_detail, item_nm, item_sell_status, price, stock_number)
VALUES (17, '2023-12-13 15:50:19.335193', '2023-12-13 15:50:19.335193', 'dong529@naver.com', 'dong529@naver.com', 'tools', '클래식하고 고급스러운', '커피용품7', 'SELL', 11900, 100);
INSERT INTO item_img (item_img_id, img_name, img_url, ori_img_name, rep_img_yn, item_id)
VALUES (33, 'tool13.jpg', '/images/item/tool13.jpg', 'tool13.jpg', 'Y', 17), (34, 'tool14.jpg', '/images/item/tool14.jpg', 'tool14.jpg', 'N', 17);

INSERT INTO item (item_id, reg_time, update_time, created_by, modified_by, item_category, item_detail, item_nm, item_sell_status, price, stock_number)
VALUES (18, '2023-12-13 15:50:19.335193', '2023-12-13 15:50:19.335193', 'dong529@naver.com', 'dong529@naver.com', 'tools', '클래식하고 고급스러운', '커피용품8', 'SELL', 11900, 100);
INSERT INTO item_img (item_img_id, img_name, img_url, ori_img_name, rep_img_yn, item_id)
VALUES (35, 'tool15.jpg', '/images/item/tool15.jpg', 'tool15.jpg', 'Y', 18), (36, 'tool16.jpg', '/images/item/tool16.jpg', 'tool16.jpg', 'N', 18);

INSERT INTO item (item_id, reg_time, update_time, created_by, modified_by, item_category, item_detail, item_nm, item_sell_status, price, stock_number)
VALUES (19, '2023-12-13 15:50:19.335193', '2023-12-13 15:50:19.335193', 'dong529@naver.com', 'dong529@naver.com', 'tools', '클래식하고 고급스러운', '커피용품9', 'SELL', 11900, 100);
INSERT INTO item_img (item_img_id, img_name, img_url, ori_img_name, rep_img_yn, item_id)
VALUES (37, 'tool17.jpg', '/images/item/tool17.jpg', 'tool17.jpg', 'Y', 19), (38, 'tool18.jpg', '/images/item/tool18.jpg', 'tool18.jpg', 'N', 19);

INSERT INTO item (item_id, reg_time, update_time, created_by, modified_by, item_category, item_detail, item_nm, item_sell_status, price, stock_number)
VALUES (20, '2023-12-13 15:50:19.335193', '2023-12-13 15:50:19.335193', 'dong529@naver.com', 'dong529@naver.com', 'tools', '클래식하고 고급스러운', '커피용품10', 'SELL', 11900, 100);
INSERT INTO item_img (item_img_id, img_name, img_url, ori_img_name, rep_img_yn, item_id)
VALUES (39, 'tool19.jpg', '/images/item/tool19.jpg', 'tool19.jpg', 'Y', 20), (40, 'tool20.jpg', '/images/item/tool20.jpg', 'tool20.jpg', 'N', 20);

INSERT INTO item (item_id, reg_time, update_time, created_by, modified_by, item_category, item_detail, item_nm, item_sell_status, price, stock_number)
VALUES (34, '2023-12-13 15:50:19.335193', '2023-12-13 15:50:19.335193', 'dong529@naver.com', 'dong529@naver.com', 'tools', '클래식하고 고급스러운', '커피용품11', 'SELL', 11900, 100);
INSERT INTO item_img (item_img_id, img_name, img_url, ori_img_name, rep_img_yn, item_id)
VALUES (67, 'tool21.jpg', '/images/item/tool21.jpg', 'tool21.jpg', 'Y', 34), (68, 'tool22.jpg', '/images/item/tool22.jpg', 'tool22.jpg', 'N', 34);

INSERT INTO item (item_id, reg_time, update_time, created_by, modified_by, item_category, item_detail, item_nm, item_sell_status, price, stock_number)
VALUES (35, '2023-12-13 15:50:19.335193', '2023-12-13 15:50:19.335193', 'dong529@naver.com', 'dong529@naver.com', 'tools', '클래식하고 고급스러운', '커피용품12', 'SELL', 11900, 100);
INSERT INTO item_img (item_img_id, img_name, img_url, ori_img_name, rep_img_yn, item_id)
VALUES (69, 'tool23.jpg', '/images/item/tool23.jpg', 'tool23.jpg', 'Y', 35), (70, 'tool24.jpg', '/images/item/tool24.jpg', 'tool24.jpg', 'N', 35);

INSERT INTO item (item_id, reg_time, update_time, created_by, modified_by, item_category, item_detail, item_nm, item_sell_status, price, stock_number)
VALUES (36, '2023-12-13 15:50:19.335193', '2023-12-13 15:50:19.335193', 'dong529@naver.com', 'dong529@naver.com', 'tools', '클래식하고 고급스러운', '커피용품13', 'SELL', 11900, 100);
INSERT INTO item_img (item_img_id, img_name, img_url, ori_img_name, rep_img_yn, item_id)
VALUES (71, 'tool25.jpg', '/images/item/tool25.jpg', 'tool25.jpg', 'Y', 36), (72, 'tool26.jpg', '/images/item/tool26.jpg', 'tool26.jpg', 'N', 36);

-- coffee

INSERT INTO item (item_id, reg_time, update_time, created_by, modified_by, item_category, item_detail, item_nm, item_sell_status, price, stock_number)
VALUES (21, '2023-12-13 15:50:19.335193', '2023-12-13 15:50:19.335193', 'dong529@naver.com', 'dong529@naver.com', 'coffee', '#와이니함과 은은한 초콜릿의 단맛', '커피1', 'SELL', 11900, 100);
INSERT INTO item_img (item_img_id, img_name, img_url, ori_img_name, rep_img_yn, item_id)
VALUES (41, 'coffee1.jpg', '/images/item/coffee1.jpg', 'coffee1.jpg', 'Y', 21), (42, 'coffee2.jpg', '/images/item/coffee2.jpg', 'coffee2.jpg', 'N', 21);

INSERT INTO item (item_id, reg_time, update_time, created_by, modified_by, item_category, item_detail, item_nm, item_sell_status, price, stock_number)
VALUES (22, '2023-12-13 15:50:19.335193', '2023-12-13 15:50:19.335193', 'dong529@naver.com', 'dong529@naver.com', 'coffee', '#와이니함과 은은한 초콜릿의 단맛', '커피2', 'SELL', 11900, 100);
INSERT INTO item_img (item_img_id, img_name, img_url, ori_img_name, rep_img_yn, item_id)
VALUES (43, 'coffee3.jpg', '/images/item/coffee3.jpg', 'coffee3.jpg', 'Y', 22), (44, 'coffee4.jpg', '/images/item/coffee4.jpg', 'coffee4.jpg', 'N', 22);

INSERT INTO item (item_id, reg_time, update_time, created_by, modified_by, item_category, item_detail, item_nm, item_sell_status, price, stock_number)
VALUES (23, '2023-12-13 15:50:19.335193', '2023-12-13 15:50:19.335193', 'dong529@naver.com', 'dong529@naver.com', 'coffee', '#와이니함과 은은한 초콜릿의 단맛', '커피3', 'SELL', 11900, 100);
INSERT INTO item_img (item_img_id, img_name, img_url, ori_img_name, rep_img_yn, item_id)
VALUES (45, 'coffee5.jpg', '/images/item/coffee5.jpg', 'coffee5.jpg', 'Y', 23), (46, 'coffee6.jpg', '/images/item/coffee6.jpg', 'coffee6.jpg', 'N', 23);

INSERT INTO item (item_id, reg_time, update_time, created_by, modified_by, item_category, item_detail, item_nm, item_sell_status, price, stock_number)
VALUES (24, '2023-12-13 15:50:19.335193', '2023-12-13 15:50:19.335193', 'dong529@naver.com', 'dong529@naver.com', 'coffee', '#와이니함과 은은한 초콜릿의 단맛', '커피4', 'SELL', 11900, 100);
INSERT INTO item_img (item_img_id, img_name, img_url, ori_img_name, rep_img_yn, item_id)
VALUES (47, 'coffee7.jpg', '/images/item/coffee7.jpg', 'coffee7.jpg', 'Y', 24), (48, 'coffee8.jpg', '/images/item/coffee8.jpg', 'coffee8.jpg', 'N', 24);

INSERT INTO item (item_id, reg_time, update_time, created_by, modified_by, item_category, item_detail, item_nm, item_sell_status, price, stock_number)
VALUES (25, '2023-12-13 15:50:19.335193', '2023-12-13 15:50:19.335193', 'dong529@naver.com', 'dong529@naver.com', 'coffee', '#와이니함과 은은한 초콜릿의 단맛', '커피5', 'SELL', 11900, 100);
INSERT INTO item_img (item_img_id, img_name, img_url, ori_img_name, rep_img_yn, item_id)
VALUES (49, 'coffee9.jpg', '/images/item/coffee9.jpg', 'coffee9.jpg', 'Y', 25), (50, 'coffee10.jpg', '/images/item/coffee10.jpg', 'coffee10.jpg', 'N', 25);

INSERT INTO item (item_id, reg_time, update_time, created_by, modified_by, item_category, item_detail, item_nm, item_sell_status, price, stock_number)
VALUES (26, '2023-12-13 15:50:19.335193', '2023-12-13 15:50:19.335193', 'dong529@naver.com', 'dong529@naver.com', 'coffee', '#와이니함과 은은한 초콜릿의 단맛', '커피6', 'SELL', 11900, 100);
INSERT INTO item_img (item_img_id, img_name, img_url, ori_img_name, rep_img_yn, item_id)
VALUES (51, 'coffee11.jpg', '/images/item/coffee11.jpg', 'coffee11.jpg', 'Y', 26), (52, 'coffee12.jpg', '/images/item/coffee12.jpg', 'coffee12.jpg', 'N', 26);

INSERT INTO item (item_id, reg_time, update_time, created_by, modified_by, item_category, item_detail, item_nm, item_sell_status, price, stock_number)
VALUES (27, '2023-12-13 15:50:19.335193', '2023-12-13 15:50:19.335193', 'dong529@naver.com', 'dong529@naver.com', 'coffee', '#와이니함과 은은한 초콜릿의 단맛', '커피7', 'SELL', 11900, 100);
INSERT INTO item_img (item_img_id, img_name, img_url, ori_img_name, rep_img_yn, item_id)
VALUES (53, 'coffee13.jpg', '/images/item/coffee13.jpg', 'coffee13.jpg', 'Y', 27), (54, 'coffee14.jpg', '/images/item/coffee14.jpg', 'coffee14.jpg', 'N', 27);

INSERT INTO item (item_id, reg_time, update_time, created_by, modified_by, item_category, item_detail, item_nm, item_sell_status, price, stock_number)
VALUES (28, '2023-12-13 15:50:19.335193', '2023-12-13 15:50:19.335193', 'dong529@naver.com', 'dong529@naver.com', 'coffee', '#와이니함과 은은한 초콜릿의 단맛', '커피8', 'SELL', 11900, 100);
INSERT INTO item_img (item_img_id, img_name, img_url, ori_img_name, rep_img_yn, item_id)
VALUES (55, 'coffee15.jpg', '/images/item/coffee15.jpg', 'coffee15.jpg', 'Y', 28), (56, 'coffee16.jpg', '/images/item/coffee16.jpg', 'coffee16.jpg', 'N', 28);

INSERT INTO item (item_id, reg_time, update_time, created_by, modified_by, item_category, item_detail, item_nm, item_sell_status, price, stock_number)
VALUES (29, '2023-12-13 15:50:19.335193', '2023-12-13 15:50:19.335193', 'dong529@naver.com', 'dong529@naver.com', 'coffee', '#와이니함과 은은한 초콜릿의 단맛', '커피9', 'SELL', 11900, 100);
INSERT INTO item_img (item_img_id, img_name, img_url, ori_img_name, rep_img_yn, item_id)
VALUES (57, 'coffee17.jpg', '/images/item/coffee17.jpg', 'coffee17.jpg', 'Y', 29), (58, 'coffee18.jpg', '/images/item/coffee18.jpg', 'coffee18.jpg', 'N', 29);

INSERT INTO item (item_id, reg_time, update_time, created_by, modified_by, item_category, item_detail, item_nm, item_sell_status, price, stock_number)
VALUES (30, '2023-12-13 15:50:19.335193', '2023-12-13 15:50:19.335193', 'dong529@naver.com', 'dong529@naver.com', 'coffee', '#와이니함과 은은한 초콜릿의 단맛', '커피10', 'SELL', 11900, 100);
INSERT INTO item_img (item_img_id, img_name, img_url, ori_img_name, rep_img_yn, item_id)
VALUES (59, 'coffee19.jpg', '/images/item/coffee19.jpg', 'coffee19.jpg', 'Y', 30), (60, 'coffee20.jpg', '/images/item/coffee20.jpg', 'coffee20.jpg', 'N', 30);

INSERT INTO item (item_id, reg_time, update_time, created_by, modified_by, item_category, item_detail, item_nm, item_sell_status, price, stock_number)
VALUES (37, '2023-12-13 15:50:19.335193', '2023-12-13 15:50:19.335193', 'dong529@naver.com', 'dong529@naver.com', 'coffee', '#와이니함과 은은한 초콜릿의 단맛', '커피11', 'SELL', 11900, 100);
INSERT INTO item_img (item_img_id, img_name, img_url, ori_img_name, rep_img_yn, item_id)
VALUES (73, 'coffee21.jpg', '/images/item/coffee21.jpg', 'coffee21.jpg', 'Y', 37), (74, 'coffee22.jpg', '/images/item/coffee22.jpg', 'coffee22.jpg', 'N', 37);

INSERT INTO item (item_id, reg_time, update_time, created_by, modified_by, item_category, item_detail, item_nm, item_sell_status, price, stock_number)
VALUES (38, '2023-12-13 15:50:19.335193', '2023-12-13 15:50:19.335193', 'dong529@naver.com', 'dong529@naver.com', 'coffee', '#와이니함과 은은한 초콜릿의 단맛', '커피12', 'SELL', 11900, 100);
INSERT INTO item_img (item_img_id, img_name, img_url, ori_img_name, rep_img_yn, item_id)
VALUES (75, 'coffee23.jpg', '/images/item/coffee23.jpg', 'coffee23.jpg', 'Y', 38), (76, 'coffee24.jpg', '/images/item/coffee24.jpg', 'coffee24.jpg', 'N', 38);

INSERT INTO item (item_id, reg_time, update_time, created_by, modified_by, item_category, item_detail, item_nm, item_sell_status, price, stock_number)
VALUES (39, '2023-12-13 15:50:19.335193', '2023-12-13 15:50:19.335193', 'dong529@naver.com', 'dong529@naver.com', 'coffee', '#와이니함과 은은한 초콜릿의 단맛', '커피13', 'SELL', 11900, 100);
INSERT INTO item_img (item_img_id, img_name, img_url, ori_img_name, rep_img_yn, item_id)
VALUES (77, 'coffee25.jpg', '/images/item/coffee25.jpg', 'coffee25.jpg', 'Y', 39), (78, 'coffee26.jpg', '/images/item/coffee26.jpg', 'coffee26.jpg', 'N', 39);
-- article

INSERT INTO article (article_id, reg_time, update_time, created_by, modified_by, article_type, content, title)
VALUES (1, '2023-12-13 15:50:19.335193', '2023-12-13 15:50:19.335193', 'dong529@naver.com', 'dong529@naver.com', 'NOTI', '12월 25일(월) 크리스마스 휴무로 12월 22일 택배 마감 ', '12월 배송공지');
INSERT INTO article (article_id, reg_time, update_time, created_by, modified_by, article_type, content, title)
VALUES (2, '2023-12-13 15:50:19.335193', '2023-12-13 15:50:19.335193', 'dong529@naver.com', 'dong529@naver.com', 'NOTI', '12월 11일(월) ~ 12월 16(토) 기상 악화로 인해 제주 지역은 배송이 불가합니다.', '배송불가안내');
INSERT INTO article (article_id, reg_time, update_time, created_by, modified_by, article_type, content, title)
VALUES (3, '2023-12-13 15:50:19.335193', '2023-12-13 15:50:19.335193', 'dong529@naver.com', 'dong529@naver.com', 'NOTI', '11월 1일 ~ 5일 휴무', '11월 배송공지');
INSERT INTO article (article_id, reg_time, update_time, created_by, modified_by, article_type, content, title)
VALUES (4, '2023-12-13 15:50:19.335193', '2023-12-13 15:50:19.335193', 'dong529@naver.com', 'dong529@naver.com', 'NOTI', '10월 1일 ~ 5일 휴무', '10월 배송공지');
INSERT INTO article (article_id, reg_time, update_time, created_by, modified_by, article_type, content, title)
VALUES (5, '2023-12-13 15:50:19.335193', '2023-12-13 15:50:19.335193', 'dong529@naver.com', 'dong529@naver.com', 'NOTI', '09월 1일 ~ 5일 휴무', '09월 배송공지');
INSERT INTO article (article_id, reg_time, update_time, created_by, modified_by, article_type, content, title)
VALUES (6, '2023-12-13 15:50:19.335193', '2023-12-13 15:50:19.335193', 'dong529@naver.com', 'dong529@naver.com', 'NOTI', '08월 1일 ~ 5일 휴무', '08월 배송공지');
INSERT INTO article (article_id, reg_time, update_time, created_by, modified_by, article_type, content, title)
VALUES (7, '2023-12-13 15:50:19.335193', '2023-12-13 15:50:19.335193', 'dong529@naver.com', 'dong529@naver.com', 'NOTI', '07월 1일 ~ 5일 휴무', '07월 배송공지');
INSERT INTO article (article_id, reg_time, update_time, created_by, modified_by, article_type, content, title)
VALUES (8, '2023-12-13 15:50:19.335193', '2023-12-13 15:50:19.335193', 'dong529@naver.com', 'dong529@naver.com', 'NOTI', '06월 1일 ~ 5일 휴무', '06월 배송공지');
INSERT INTO article (article_id, reg_time, update_time, created_by, modified_by, article_type, content, title)
VALUES (9, '2023-12-13 15:50:19.335193', '2023-12-13 15:50:19.335193', 'dong529@naver.com', 'dong529@naver.com', 'NOTI', '05월 1일 ~ 5일 휴무', '05월 배송공지');
INSERT INTO article (article_id, reg_time, update_time, created_by, modified_by, article_type, content, title)
VALUES (10, '2023-12-13 15:50:19.335193', '2023-12-13 15:50:19.335193', 'dong529@naver.com', 'dong529@naver.com', 'NOTI', '04월 1일 ~ 5일 휴무', '04월 배송공지');
INSERT INTO article (article_id, reg_time, update_time, created_by, modified_by, article_type, content, title)
VALUES (11, '2023-12-13 15:50:19.335193', '2023-12-13 15:50:19.335193', 'dong529@naver.com', 'dong529@naver.com', 'NOTI', '03월 1일 ~ 5일 휴무', '03월 배송공지');
INSERT INTO article (article_id, reg_time, update_time, created_by, modified_by, article_type, content, title)
VALUES (12, '2023-12-13 15:50:19.335193', '2023-12-13 15:50:19.335193', 'dong529@naver.com', 'dong529@naver.com', 'NEWS', '11월 1일 ~ 11월 30일 한달간 5%할인 이벤트 진행', '2022 KCIA 한국소비자산업평가 최종 우수업체 선정');
INSERT INTO article (article_id, reg_time, update_time, created_by, modified_by, article_type, content, title)
VALUES (13, '2023-12-13 15:50:19.335193', '2023-12-13 15:50:19.335193', 'dong529@naver.com', 'dong529@naver.com', 'NEWS', '서울커피엑스포 참가', '서울커피엑스포 참가업체 선정');
INSERT INTO article (article_id, reg_time, update_time, created_by, modified_by, article_type, content, title)
VALUES (14, '2023-12-13 15:50:19.335193', '2023-12-13 15:50:19.335193', 'dong529@naver.com', 'dong529@naver.com', 'NEWS', '서울카페쇼 참가', '서울카페쇼 참가업체 선정');
INSERT INTO article (article_id, reg_time, update_time, created_by, modified_by, article_type, content, title)
VALUES (15, '2023-12-13 15:50:19.335193', '2023-12-13 15:50:19.335193', 'dong529@naver.com', 'dong529@naver.com', 'NEWS', '서울커피앤티페어 참가', '서울커피앤티페어 참가업체 선정');
INSERT INTO article (article_id, reg_time, update_time, created_by, modified_by, article_type, content, title)
VALUES (16, '2023-12-13 15:50:19.335193', '2023-12-13 15:50:19.335193', 'dong529@naver.com', 'dong529@naver.com', 'NEWS', '카페&베이커리페어 참가', '카페&베이커리페어 참가업체 선정');
INSERT INTO article (article_id, reg_time, update_time, created_by, modified_by, article_type, content, title)
VALUES (17, '2023-12-13 15:50:19.335193', '2023-12-13 15:50:19.335193', 'dong529@naver.com', 'dong529@naver.com', 'NEWS', '대구커피&카페박람회', '대구커피&카페박람회 참가업체 선정');
INSERT INTO article (article_id, reg_time, update_time, created_by, modified_by, article_type, content, title)
VALUES (18, '2023-12-13 15:50:19.335193', '2023-12-13 15:50:19.335193', 'dong529@naver.com', 'dong529@naver.com', 'NEWS', '뉴스18', '뉴스18');
INSERT INTO article (article_id, reg_time, update_time, created_by, modified_by, article_type, content, title)
VALUES (19, '2023-12-13 15:50:19.335193', '2023-12-13 15:50:19.335193', 'dong529@naver.com', 'dong529@naver.com', 'NEWS', '뉴스19', '뉴스19');
INSERT INTO article (article_id, reg_time, update_time, created_by, modified_by, article_type, content, title)
VALUES (20, '2023-12-13 15:50:19.335193', '2023-12-13 15:50:19.335193', 'dong529@naver.com', 'dong529@naver.com', 'NEWS', '뉴스20', '뉴스20');
INSERT INTO article (article_id, reg_time, update_time, created_by, modified_by, article_type, content, title)
VALUES (21, '2023-12-13 15:50:19.335193', '2023-12-13 15:50:19.335193', 'dong529@naver.com', 'dong529@naver.com', 'NEWS', '뉴스21', '뉴스21');
INSERT INTO article (article_id, reg_time, update_time, created_by, modified_by, article_type, content, title)
VALUES (22, '2023-12-13 15:50:19.335193', '2023-12-13 15:50:19.335193', 'dong529@naver.com', 'dong529@naver.com', 'NEWS', '뉴스22', '뉴스22');

-- question
INSERT INTO question(id, content, create_date, subject)
VALUES (1, '문의사항1', '2023-12-13 15:50:19.335193', '문의사항1');
INSERT INTO question(id, content, create_date, subject)
VALUES (2, '문의사항2', '2023-12-13 15:50:19.335193', '문의사항2');
INSERT INTO question(id, content, create_date, subject)
VALUES (3, '문의사항3', '2023-12-13 15:50:19.335193', '문의사항3');
INSERT INTO question(id, content, create_date, subject)
VALUES (4, '문의사항4', '2023-12-13 15:50:19.335193', '문의사항4');
INSERT INTO question(id, content, create_date, subject)
VALUES (5, '문의사항5', '2023-12-13 15:50:19.335193', '문의사항5');
INSERT INTO question(id, content, create_date, subject)
VALUES (6, '문의사항6', '2023-12-13 15:50:19.335193', '문의사항6');
INSERT INTO question(id, content, create_date, subject)
VALUES (7, '문의사항7', '2023-12-13 15:50:19.335193', '문의사항7');
INSERT INTO question(id, content, create_date, subject)
VALUES (8, '문의사항8', '2023-12-13 15:50:19.335193', '문의사항8');
INSERT INTO question(id, content, create_date, subject)
VALUES (9, '문의사항9', '2023-12-13 15:50:19.335193', '문의사항9');
INSERT INTO question(id, content, create_date, subject)
VALUES (10, '문의사항10', '2023-12-13 15:50:19.335193', '문의사항10');
INSERT INTO question(id, content, create_date, subject)
VALUES (11, '문의사항11', '2023-12-13 15:50:19.335193', '문의사항11');